"","setname","pvalue","estimate","exp","BH"
"1","KEGG_N_GLYCAN_BIOSYNTHESIS",1,0.734460745452554,"UP",1
"2","KEGG_N_GLYCAN_BIOSYNTHESIS",0.746217988018093,1.14092621677188,"Down",0.953928149631377
"3","KEGG_OTHER_GLYCAN_DEGRADATION",1,0,"UP",1
"4","KEGG_OTHER_GLYCAN_DEGRADATION",1,0,"Down",1
"5","KEGG_O_GLYCAN_BIOSYNTHESIS",1,0.524565084776482,"UP",1
"6","KEGG_O_GLYCAN_BIOSYNTHESIS",0.00150796686538099,5.17289046620751,"Down",0.017530114810054
"7","KEGG_GLYCOSAMINOGLYCAN_DEGRADATION",0.295143429797053,2.00642262979094,"UP",0.593477599375696
"8","KEGG_GLYCOSAMINOGLYCAN_DEGRADATION",1,0.918671577688341,"Down",1
"9","KEGG_GLYCOSAMINOGLYCAN_BIOSYNTHESIS_KERATAN_SULFATE",0.615813604058349,0,"UP",0.894357165357502
"10","KEGG_GLYCOSAMINOGLYCAN_BIOSYNTHESIS_KERATAN_SULFATE",1,1.00227485606238,"Down",1
"11","KEGG_GLYCEROLIPID_METABOLISM",0.768871791432345,0.595178177498167,"UP",0.962351277884727
"12","KEGG_GLYCEROLIPID_METABOLISM",0.562523861739178,1.26101610946559,"Down",0.871834356598358
"13","KEGG_GLYCOSYLPHOSPHATIDYLINOSITOL_GPI_ANCHOR_BIOSYNTHESIS",0.404777188709838,0,"UP",0.734522508292974
"14","KEGG_GLYCOSYLPHOSPHATIDYLINOSITOL_GPI_ANCHOR_BIOSYNTHESIS",0.0212709179194599,3.68775381343546,"Down",0.12971772895146
"15","KEGG_GLYCEROPHOSPHOLIPID_METABOLISM",0.439448604756439,0.448919329359984,"UP",0.7639013129411
"16","KEGG_GLYCEROPHOSPHOLIPID_METABOLISM",0.314420607946645,1.47276926176268,"Down",0.625478428642524
"17","KEGG_ETHER_LIPID_METABOLISM",0.680369923948247,1.22542716484053,"UP",0.930505925399808
"18","KEGG_ETHER_LIPID_METABOLISM",0.0789711224472581,2.76290140744568,"Down",0.2937725755038
"19","KEGG_ARACHIDONIC_ACID_METABOLISM",0.53799182811393,1.37959328689681,"UP",0.858544919066451
"20","KEGG_ARACHIDONIC_ACID_METABOLISM",0.11787728274617,2.2120355151778,"Down",0.362399580013019
"21","KEGG_LINOLEIC_ACID_METABOLISM",1,0.918671577688341,"UP",1
"22","KEGG_LINOLEIC_ACID_METABOLISM",0.0184854325341136,4.91447219240304,"Down",0.118755617534957
"23","KEGG_ALPHA_LINOLENIC_ACID_METABOLISM",0.54236036553929,1.37845322796232,"UP",0.858544919066451
"24","KEGG_ALPHA_LINOLENIC_ACID_METABOLISM",0.54236036553929,1.37845322796232,"Down",0.858544919066451
"25","KEGG_SPHINGOLIPID_METABOLISM",0.29829642982866,1.76695886591599,"UP",0.59659285965732
"26","KEGG_SPHINGOLIPID_METABOLISM",0.0295062941993913,2.88684746721847,"Down",0.159077412205414
"27","KEGG_GLYCOSPHINGOLIPID_BIOSYNTHESIS_LACTO_AND_NEOLACTO_SERIES",1,0.68874008781909,"UP",1
"28","KEGG_GLYCOSPHINGOLIPID_BIOSYNTHESIS_LACTO_AND_NEOLACTO_SERIES",0.00181020258932802,6.04195431089643,"Down",0.0204059200978795
"29","KEGG_GLYCOSPHINGOLIPID_BIOSYNTHESIS_GLOBO_SERIES",0.580446220604262,1.22520150489617,"UP",0.871834356598358
"30","KEGG_GLYCOSPHINGOLIPID_BIOSYNTHESIS_GLOBO_SERIES",0.580446220604262,1.22520150489617,"Down",0.871834356598358
"31","KEGG_GLYCOSPHINGOLIPID_BIOSYNTHESIS_GANGLIO_SERIES",0.54236036553929,1.37845322796232,"UP",0.858544919066451
"32","KEGG_GLYCOSPHINGOLIPID_BIOSYNTHESIS_GANGLIO_SERIES",1,0,"Down",1
"33","KEGG_RIBOFLAVIN_METABOLISM",0.615813604058349,0,"UP",0.894357165357502
"34","KEGG_RIBOFLAVIN_METABOLISM",0.0715547458467795,3.68236734826353,"Down",0.271856521238225
"35","KEGG_NICOTINATE_AND_NICOTINAMIDE_METABOLISM",1,0.612156523786699,"UP",1
"36","KEGG_NICOTINATE_AND_NICOTINAMIDE_METABOLISM",1,0.612156523786699,"Down",1
"37","KEGG_PANTOTHENATE_AND_COA_BIOSYNTHESIS",0.326879112724966,1.83902152111107,"UP",0.639994894387828
"38","KEGG_PANTOTHENATE_AND_COA_BIOSYNTHESIS",0.10472933222957,3.01247939714176,"Down",0.357465491458311
"39","KEGG_AMINOACYL_TRNA_BIOSYNTHESIS",0.172669820289186,0,"UP",0.436960361548144
"40","KEGG_AMINOACYL_TRNA_BIOSYNTHESIS",0.0343760003511168,2.76644644821271,"Down",0.166076261436564
"41","KEGG_BASAL_TRANSCRIPTION_FACTORS",1,0.524565084776482,"UP",1
"42","KEGG_BASAL_TRANSCRIPTION_FACTORS",0.252549807151808,0,"Down",0.535204644739125
"43","KEGG_NON_HOMOLOGOUS_END_JOINING",1,0,"UP",1
"44","KEGG_NON_HOMOLOGOUS_END_JOINING",1,0,"Down",1
"45","KEGG_SNARE_INTERACTIONS_IN_VESICULAR_TRANSPORT",1,0.847772889055167,"UP",1
"46","KEGG_SNARE_INTERACTIONS_IN_VESICULAR_TRANSPORT",0.726240941484022,0.407762169938266,"Down",0.9348939404402
"47","KEGG_LYSOSOME",0.576167926536131,1.16885581297508,"UP",0.871834356598358
"48","KEGG_LYSOSOME",0.352013564588613,0.617508433485026,"Down",0.684855585666423
"49","KEGG_CARDIAC_MUSCLE_CONTRACTION",0.752325963485541,1.10277706318553,"UP",0.958442665810347
"50","KEGG_CARDIAC_MUSCLE_CONTRACTION",0.00113500429934072,4.16230178944405,"Down",0.0145593654949913
"51","KEGG_RENIN_ANGIOTENSIN_SYSTEM",1,0.787284007468811,"UP",1
"52","KEGG_RENIN_ANGIOTENSIN_SYSTEM",0.62989671323566,0,"Down",0.894357165357502
"53","KEGG_CIRCADIAN_RHYTHM_MAMMAL",1,0,"UP",1
"54","KEGG_CIRCADIAN_RHYTHM_MAMMAL",1,0,"Down",1
"55","KEGG_TASTE_TRANSDUCTION",1,1.00227485606238,"UP",1
"56","KEGG_TASTE_TRANSDUCTION",1,1.00227485606238,"Down",1
"57","KEGG_PROXIMAL_TUBULE_BICARBONATE_RECLAMATION",1,0.918671577688341,"UP",1
"58","KEGG_PROXIMAL_TUBULE_BICARBONATE_RECLAMATION",0.0184854325341136,4.91447219240304,"Down",0.118755617534957
"59","KEGG_PATHOGENIC_ESCHERICHIA_COLI_INFECTION",0.0349029430746447,2.49974046995008,"UP",0.166460190048305
"60","KEGG_PATHOGENIC_ESCHERICHIA_COLI_INFECTION",0.369049846438106,0.297288710724019,"Down",0.685358978205275
"61","KEGG_SYSTEMIC_LUPUS_ERYTHEMATOSUS",0.0446440237995738,2.16747796450296,"UP",0.20503181300545
"62","KEGG_SYSTEMIC_LUPUS_ERYTHEMATOSUS",0.0133038793793066,0,"Down",0.0970400613549423
"63","KEGG_PRIMARY_IMMUNODEFICIENCY",1,0.500677096921644,"UP",1
"64","KEGG_PRIMARY_IMMUNODEFICIENCY",1,0.500677096921644,"Down",1
"65","KEGG_HYPERTROPHIC_CARDIOMYOPATHY_HCM",0.000305712400482875,3.61649282195257,"UP",0.00608967768244954
"66","KEGG_HYPERTROPHIC_CARDIOMYOPATHY_HCM",0.623497624227908,0.660526889127528,"Down",0.894357165357502
"67","KEGG_ARRHYTHMOGENIC_RIGHT_VENTRICULAR_CARDIOMYOPATHY_ARVC",0.000130357547984015,4.02015777994318,"UP",0.00387640290449469
"68","KEGG_ARRHYTHMOGENIC_RIGHT_VENTRICULAR_CARDIOMYOPATHY_ARVC",1,0.979921074395686,"Down",1
"69","KEGG_DILATED_CARDIOMYOPATHY",0.000217369696343838,3.54293564325234,"UP",0.00505384543999423
"70","KEGG_DILATED_CARDIOMYOPATHY",0.23429819840086,0.392555957866556,"Down",0.535204644739125
"71","KEGG_GLYCOLYSIS_GLUCONEOGENESIS",0.257225708070703,0.268188015063518,"UP",0.535204644739125
"72","KEGG_GLYCOLYSIS_GLUCONEOGENESIS",0.0066730905202077,3.02461727335183,"Down",0.0564179471253924
"73","KEGG_CITRATE_CYCLE_TCA_CYCLE",0.258004594961681,0,"UP",0.535204644739125
"74","KEGG_CITRATE_CYCLE_TCA_CYCLE",0.0119150705900223,3.69045086839914,"Down",0.0886481251897659
"75","KEGG_PENTOSE_PHOSPHATE_PATHWAY",0.252549807151808,0,"UP",0.535204644739125
"76","KEGG_PENTOSE_PHOSPHATE_PATHWAY",1,0.524565084776482,"Down",1
"77","KEGG_PENTOSE_AND_GLUCURONATE_INTERCONVERSIONS",0.580446220604262,1.22520150489617,"UP",0.871834356598358
"78","KEGG_PENTOSE_AND_GLUCURONATE_INTERCONVERSIONS",0.580446220604262,1.22520150489617,"Down",0.871834356598358
"79","KEGG_FRUCTOSE_AND_MANNOSE_METABOLISM",0.726240941484022,0.407762169938266,"UP",0.9348939404402
"80","KEGG_FRUCTOSE_AND_MANNOSE_METABOLISM",0.0251120841187589,3.01853050116022,"Down",0.141540837760277
"81","KEGG_GALACTOSE_METABOLISM",1,0.734727291578242,"UP",1
"82","KEGG_GALACTOSE_METABOLISM",0.142718118593435,2.54845114903663,"Down",0.406563660644526
"83","KEGG_ASCORBATE_AND_ALDARATE_METABOLISM",1,0,"UP",1
"84","KEGG_ASCORBATE_AND_ALDARATE_METABOLISM",0.0233649349820209,6.63109703919433,"Down",0.13766730084009
"85","KEGG_FATTY_ACID_METABOLISM",0.107506419805468,0,"UP",0.357714864877013
"86","KEGG_FATTY_ACID_METABOLISM",0.000178735401164693,5.05061799946719,"Down",0.00443263794888439
"87","KEGG_STEROID_BIOSYNTHESIS",0.62989671323566,0,"UP",0.894357165357502
"88","KEGG_STEROID_BIOSYNTHESIS",1,0.787284007468811,"Down",1
"89","KEGG_PRIMARY_BILE_ACID_BIOSYNTHESIS",1,0,"UP",1
"90","KEGG_PRIMARY_BILE_ACID_BIOSYNTHESIS",0.0329163868246173,5.52453831131407,"Down",0.166076261436564
"91","KEGG_STEROID_HORMONE_BIOSYNTHESIS",0.433928160045192,1.65562191809597,"UP",0.757846364022589
"92","KEGG_STEROID_HORMONE_BIOSYNTHESIS",0.118884560080578,2.3260306364049,"Down",0.362500461885041
"93","KEGG_OXIDATIVE_PHOSPHORYLATION",0.0287116679646124,0.15895356098183,"UP",0.15706971298288
"94","KEGG_OXIDATIVE_PHOSPHORYLATION",0.000157233769166433,3.30298826232723,"Down",0.00417792586642236
"95","KEGG_PURINE_METABOLISM",0.0835119516380137,0.402217020806502,"UP",0.307588574349912
"96","KEGG_PURINE_METABOLISM",0.605398662437454,1.19105283341552,"Down",0.894357165357502
"97","KEGG_PYRIMIDINE_METABOLISM",0.124914073611123,0.322929834685916,"UP",0.369032923727308
"98","KEGG_PYRIMIDINE_METABOLISM",0.518845326705556,1.22656228151452,"Down",0.854028590860473
"99","KEGG_ALANINE_ASPARTATE_AND_GLUTAMATE_METABOLISM",0.726240941484022,0.407762169938266,"UP",0.9348939404402
"100","KEGG_ALANINE_ASPARTATE_AND_GLUTAMATE_METABOLISM",0.0251120841187589,3.01853050116022,"Down",0.141540837760277
"101","KEGG_GLYCINE_SERINE_AND_THREONINE_METABOLISM",0.704490309190263,1.10267420951884,"UP",0.9348939404402
"102","KEGG_GLYCINE_SERINE_AND_THREONINE_METABOLISM",0.104741232712247,2.45555876095755,"Down",0.357465491458311
"103","KEGG_CYSTEINE_AND_METHIONINE_METABOLISM",0.718073032448979,0.458855407800634,"UP",0.9348939404402
"104","KEGG_CYSTEINE_AND_METHIONINE_METABOLISM",0.149430743042038,2.10424216793294,"Down",0.408474966126425
"105","KEGG_VALINE_LEUCINE_AND_ISOLEUCINE_DEGRADATION",0.254109502019238,0.289439196337365,"UP",0.535204644739125
"106","KEGG_VALINE_LEUCINE_AND_ISOLEUCINE_DEGRADATION",3.34701394112549e-09,8.64604866989662,"Down",4.15029728699561e-07
"107","KEGG_VALINE_LEUCINE_AND_ISOLEUCINE_BIOSYNTHESIS",0.54236036553929,1.37845322796232,"UP",0.858544919066451
"108","KEGG_VALINE_LEUCINE_AND_ISOLEUCINE_BIOSYNTHESIS",0.54236036553929,1.37845322796232,"Down",0.858544919066451
"109","KEGG_LYSINE_DEGRADATION",0.0706460241182354,0,"UP",0.271856521238225
"110","KEGG_LYSINE_DEGRADATION",0.230444148765011,1.72618416706048,"Down",0.535204644739125
"111","KEGG_ARGININE_AND_PROLINE_METABOLISM",0.581222904398905,0.524086788987575,"UP",0.871834356598358
"112","KEGG_ARGININE_AND_PROLINE_METABOLISM",0.00275286622401053,3.26477769971618,"Down",0.0256016558832979
"113","KEGG_HISTIDINE_METABOLISM",0.657748303264914,1.37883248623617,"UP",0.905300084458029
"114","KEGG_HISTIDINE_METABOLISM",0.00252628535504852,5.5381472312951,"Down",0.0252007597884717
"115","KEGG_TYROSINE_METABOLISM",0.446158031895561,1.57664232725419,"UP",0.768383277153466
"116","KEGG_TYROSINE_METABOLISM",0.00264201513911397,4.56370907950794,"Down",0.0252007597884717
"117","KEGG_PHENYLALANINE_METABOLISM",0.0715547458467795,3.68236734826353,"UP",0.271856521238225
"118","KEGG_PHENYLALANINE_METABOLISM",0.00189860965628978,7.90667482979852,"Down",0.0207730232982294
"119","KEGG_TRYPTOPHAN_METABOLISM",0.73042272712036,1.27290463174293,"UP",0.936956049961289
"120","KEGG_TRYPTOPHAN_METABOLISM",0.00196337369928939,4.22519286602666,"Down",0.0208678576038758
"121","KEGG_BETA_ALANINE_METABOLISM",0.358216227198184,1.69744888274545,"UP",0.684855585666423
"122","KEGG_BETA_ALANINE_METABOLISM",0.0308951865516402,4.02083012389204,"Down",0.161873371791692
"123","KEGG_TAURINE_AND_HYPOTAURINE_METABOLISM",0.10962229730102,4.41601954703108,"UP",0.357714864877013
"124","KEGG_TAURINE_AND_HYPOTAURINE_METABOLISM",0.455515183637269,1.838183976213,"Down",0.777301139050753
"125","KEGG_SELENOAMINO_ACID_METABOLISM",1,0.68874008781909,"UP",1
"126","KEGG_SELENOAMINO_ACID_METABOLISM",0.0472043706210641,3.40134190410218,"Down",0.212251125878351
"127","KEGG_GLUTATHIONE_METABOLISM",0.578058387571483,0.564553930840959,"UP",0.871834356598358
"128","KEGG_GLUTATHIONE_METABOLISM",0.000382878493972029,4.07590894752982,"Down",0.00647412726170885
"129","KEGG_STARCH_AND_SUCROSE_METABOLISM",0.263286155879731,0,"UP",0.535204644739125
"130","KEGG_STARCH_AND_SUCROSE_METABOLISM",1,0.958615234651403,"Down",1
"131","KEGG_AMINO_SUGAR_AND_NUCLEOTIDE_SUGAR_METABOLISM",1,0.667564008213109,"UP",1
"132","KEGG_AMINO_SUGAR_AND_NUCLEOTIDE_SUGAR_METABOLISM",0.000404232116302879,4.44359901750541,"Down",0.00653801509846396
"133","KEGG_GLYCOSAMINOGLYCAN_BIOSYNTHESIS_CHONDROITIN_SULFATE",5.80336952487583e-07,16.6628771059722,"UP",4.31770692650762e-05
"134","KEGG_GLYCOSAMINOGLYCAN_BIOSYNTHESIS_CHONDROITIN_SULFATE",0.62989671323566,0,"Down",0.894357165357502
"135","KEGG_GLYCOSAMINOGLYCAN_BIOSYNTHESIS_HEPARAN_SULFATE",1,0.918671577688341,"UP",1
"136","KEGG_GLYCOSAMINOGLYCAN_BIOSYNTHESIS_HEPARAN_SULFATE",1,0.918671577688341,"Down",1
"137","KEGG_INOSITOL_PHOSPHATE_METABOLISM",1,0.667564008213109,"UP",1
"138","KEGG_INOSITOL_PHOSPHATE_METABOLISM",0.765421360486196,1.03370000642372,"Down",0.962351277884727
"139","KEGG_PYRUVATE_METABOLISM",0.719979955132276,0.440461895043211,"UP",0.9348939404402
"140","KEGG_PYRUVATE_METABOLISM",0.0176800067107512,3.32088504194639,"Down",0.118755617534957
"141","KEGG_GLYOXYLATE_AND_DICARBOXYLATE_METABOLISM",1,0,"UP",1
"142","KEGG_GLYOXYLATE_AND_DICARBOXYLATE_METABOLISM",0.168505712716707,3.15382406517645,"Down",0.436960361548144
"143","KEGG_PROPANOATE_METABOLISM",0.164212393438286,0,"UP",0.436575655795099
"144","KEGG_PROPANOATE_METABOLISM",2.9913748190536e-06,8.16077857145577,"Down",0.000158970204669706
"145","KEGG_BUTANOATE_METABOLISM",0.263286155879731,0,"UP",0.535204644739125
"146","KEGG_BUTANOATE_METABOLISM",1.86550649934219e-06,8.74435183167371,"Down",0.000115661402959216
"147","KEGG_ONE_CARBON_POOL_BY_FOLATE",0.615813604058349,0,"UP",0.894357165357502
"148","KEGG_ONE_CARBON_POOL_BY_FOLATE",1,1.00227485606238,"Down",1
"149","KEGG_FOLATE_BIOSYNTHESIS",1,0,"UP",1
"150","KEGG_FOLATE_BIOSYNTHESIS",0.455515183637269,1.838183976213,"Down",0.777301139050753
"151","KEGG_RETINOL_METABOLISM",0.263286155879731,0,"UP",0.535204644739125
"152","KEGG_RETINOL_METABOLISM",0.149430743042038,2.10424216793294,"Down",0.408474966126425
"153","KEGG_PORPHYRIN_AND_CHLOROPHYLL_METABOLISM",1,0.524565084776482,"UP",1
"154","KEGG_PORPHYRIN_AND_CHLOROPHYLL_METABOLISM",0.422822985087698,1.74291257127731,"Down",0.752584451926429
"155","KEGG_TERPENOID_BACKBONE_BIOSYNTHESIS",0.615813604058349,0,"UP",0.894357165357502
"156","KEGG_TERPENOID_BACKBONE_BIOSYNTHESIS",0.0715547458467795,3.68236734826353,"Down",0.271856521238225
"157","KEGG_LIMONENE_AND_PINENE_DEGRADATION",1,0,"UP",1
"158","KEGG_LIMONENE_AND_PINENE_DEGRADATION",0.0233649349820209,6.63109703919433,"Down",0.13766730084009
"159","KEGG_NITROGEN_METABOLISM",0.63806096781019,0,"UP",0.895693132171285
"160","KEGG_NITROGEN_METABOLISM",0.389001671284577,1.57606436368428,"Down",0.716379315434964
"161","KEGG_SULFUR_METABOLISM",0.54236036553929,1.37845322796232,"UP",0.858544919066451
"162","KEGG_SULFUR_METABOLISM",0.54236036553929,1.37845322796232,"Down",0.858544919066451
"163","KEGG_METABOLISM_OF_XENOBIOTICS_BY_CYTOCHROME_P450",0.767296101118459,0.611766458163039,"UP",0.962351277884727
"164","KEGG_METABOLISM_OF_XENOBIOTICS_BY_CYTOCHROME_P450",0.0114869097744015,2.95545051502974,"Down",0.0886481251897659
"165","KEGG_DRUG_METABOLISM_CYTOCHROME_P450",0.770915808628088,0.579463057150004,"UP",0.962351277884727
"166","KEGG_DRUG_METABOLISM_CYTOCHROME_P450",0.00127449660367436,3.70129371154889,"Down",0.0158037578855621
"167","KEGG_DRUG_METABOLISM_OTHER_ENZYMES",1,1.00227713533588,"UP",1
"168","KEGG_DRUG_METABOLISM_OTHER_ENZYMES",0.0119150705900223,3.69045086839914,"Down",0.0886481251897659
"169","KEGG_BIOSYNTHESIS_OF_UNSATURATED_FATTY_ACIDS",0.393761539451126,0,"UP",0.721572870324231
"170","KEGG_BIOSYNTHESIS_OF_UNSATURATED_FATTY_ACIDS",0.657748303264914,1.37883248623617,"Down",0.905300084458029
"171","KEGG_ABC_TRANSPORTERS",0.719979955132276,0.440461895043211,"UP",0.9348939404402
"172","KEGG_ABC_TRANSPORTERS",0.473293227317274,1.43929981014108,"Down",0.79667457267885
"173","KEGG_RIBOSOME",0.168602707814556,0,"UP",0.436960361548144
"174","KEGG_RIBOSOME",0.168602707814556,0,"Down",0.436960361548144
"175","KEGG_RNA_DEGRADATION",0.0485904354931778,0,"UP",0.212654611805437
"176","KEGG_RNA_DEGRADATION",0.581222904398905,0.524086788987575,"Down",0.871834356598358
"177","KEGG_RNA_POLYMERASE",0.63806096781019,0,"UP",0.895693132171285
"178","KEGG_RNA_POLYMERASE",1,0.734727291578242,"Down",1
"179","KEGG_DNA_REPLICATION",0.11393269757208,0,"UP",0.362247551254818
"180","KEGG_DNA_REPLICATION",1,0.667564008213109,"Down",1
"181","KEGG_SPLICEOSOME",0.00112592066421255,0,"UP",0.0145593654949913
"182","KEGG_SPLICEOSOME",0.0143155689350686,0.133595240267362,"Down",0.0995315594591853
"183","KEGG_PROTEASOME",0.258004594961681,0,"UP",0.535204644739125
"184","KEGG_PROTEASOME",0.258004594961681,0,"Down",0.535204644739125
"185","KEGG_PROTEIN_EXPORT",0.618409386055957,0,"UP",0.894357165357502
"186","KEGG_PROTEIN_EXPORT",0.618409386055957,0,"Down",0.894357165357502
"187","KEGG_PPAR_SIGNALING_PATHWAY",0.606000370457695,1.22610686597301,"UP",0.894357165357502
"188","KEGG_PPAR_SIGNALING_PATHWAY",0.0654746943292739,2.10869442508029,"Down",0.264745503157499
"189","KEGG_BASE_EXCISION_REPAIR",0.258004594961681,0,"UP",0.535204644739125
"190","KEGG_BASE_EXCISION_REPAIR",0.717101418288338,0.478866566906504,"Down",0.9348939404402
"191","KEGG_NUCLEOTIDE_EXCISION_REPAIR",0.11393269757208,0,"UP",0.362247551254818
"192","KEGG_NUCLEOTIDE_EXCISION_REPAIR",0.361211354602295,0.323607588333109,"Down",0.684855585666423
"193","KEGG_MISMATCH_REPAIR",0.413036174042337,0,"UP",0.742267906974635
"194","KEGG_MISMATCH_REPAIR",0.413036174042337,0,"Down",0.742267906974635
"195","KEGG_HOMOLOGOUS_RECOMBINATION",0.2543788318925,0,"UP",0.535204644739125
"196","KEGG_HOMOLOGOUS_RECOMBINATION",1,0.500677096921644,"Down",1
"197","KEGG_MAPK_SIGNALING_PATHWAY",0.175049153136299,1.37705858083129,"UP",0.437035469575189
"198","KEGG_MAPK_SIGNALING_PATHWAY",0.104504411902101,0.573074691911884,"Down",0.357465491458311
"199","KEGG_ERBB_SIGNALING_PATHWAY",0.370314931772205,0.52360745248235,"UP",0.685358978205275
"200","KEGG_ERBB_SIGNALING_PATHWAY",0.0417886779505093,0.168796757799453,"Down",0.194317352469868
"201","KEGG_CALCIUM_SIGNALING_PATHWAY",0.0273103113376828,1.93693439816602,"UP",0.151633370412209
"202","KEGG_CALCIUM_SIGNALING_PATHWAY",0.14459919197749,0.452470557840757,"Down",0.407506813754745
"203","KEGG_CYTOKINE_CYTOKINE_RECEPTOR_INTERACTION",0.000650771965053483,2.21955509665521,"UP",0.00968348683999583
"204","KEGG_CYTOKINE_CYTOKINE_RECEPTOR_INTERACTION",0.0185156607984611,0.359482108508681,"Down",0.118755617534957
"205","KEGG_CHEMOKINE_SIGNALING_PATHWAY",0.00712065363300079,2.01712488658882,"UP",0.0588640700328065
"206","KEGG_CHEMOKINE_SIGNALING_PATHWAY",0.000948068359866223,0.161668878454436,"Down",0.0130622751803791
"207","KEGG_PHOSPHATIDYLINOSITOL_SIGNALING_SYSTEM",0.797659810077307,0.6881747481685,"UP",0.985812124082253
"208","KEGG_PHOSPHATIDYLINOSITOL_SIGNALING_SYSTEM",0.797659810077307,0.6881747481685,"Down",0.985812124082253
"209","KEGG_NEUROACTIVE_LIGAND_RECEPTOR_INTERACTION",0.00148516530730664,2.69237813158737,"UP",0.017530114810054
"210","KEGG_NEUROACTIVE_LIGAND_RECEPTOR_INTERACTION",0.834604042174918,1.103190554027,"Down",0.998304513469677
"211","KEGG_CELL_CYCLE",0.472500905814889,0.680082824567916,"UP",0.79667457267885
"212","KEGG_CELL_CYCLE",0.368500678546743,1.32170639874544,"Down",0.685358978205275
"213","KEGG_OOCYTE_MEIOSIS",0.0924614529439833,0.292603515252448,"UP",0.327577719001541
"214","KEGG_OOCYTE_MEIOSIS",0.834604042174918,1.103190554027,"Down",0.998304513469677
"215","KEGG_P53_SIGNALING_PATHWAY",1,1.00228400064694,"UP",1
"216","KEGG_P53_SIGNALING_PATHWAY",0.635641776303532,1.22633434468027,"Down",0.895693132171285
"217","KEGG_UBIQUITIN_MEDIATED_PROTEOLYSIS",0.0236846969187252,0.233056510947483,"UP",0.13766730084009
"218","KEGG_UBIQUITIN_MEDIATED_PROTEOLYSIS",0.063426177573235,0.353726422611106,"Down",0.262392319740162
"219","KEGG_REGULATION_OF_AUTOPHAGY",1,1.00227485606238,"UP",1
"220","KEGG_REGULATION_OF_AUTOPHAGY",0.615813604058349,0,"Down",0.894357165357502
"221","KEGG_ENDOCYTOSIS",0.875071829821479,0.880808587415563,"UP",1
"222","KEGG_ENDOCYTOSIS",0.116025857449203,0.50987951160806,"Down",0.362399580013019
"223","KEGG_PEROXISOME",0.013937354169364,0,"UP",0.0995315594591853
"224","KEGG_PEROXISOME",0.00077701004454688,3.21327580915322,"Down",0.0111172206373631
"225","KEGG_MTOR_SIGNALING_PATHWAY",0.242077097626115,1.67372662809164,"UP",0.535204644739125
"226","KEGG_MTOR_SIGNALING_PATHWAY",0.369049846438106,0.297288710724019,"Down",0.685358978205275
"227","KEGG_APOPTOSIS",0.656768303969991,0.71011877153119,"UP",0.905300084458029
"228","KEGG_APOPTOSIS",0.821471215702935,1.10308686863811,"Down",0.992166533251597
"229","KEGG_VASCULAR_SMOOTH_MUSCLE_CONTRACTION",0.00031103192464124,3.07412014776265,"UP",0.00608967768244954
"230","KEGG_VASCULAR_SMOOTH_MUSCLE_CONTRACTION",0.0893886650739732,0.304878474326856,"Down",0.322027628692802
"231","KEGG_WNT_SIGNALING_PATHWAY",0.726302012868865,1.11475708525663,"UP",0.9348939404402
"232","KEGG_WNT_SIGNALING_PATHWAY",0.0343280115588359,0.309977128075619,"Down",0.166076261436564
"233","KEGG_DORSO_VENTRAL_AXIS_FORMATION",0.422822985087698,1.74291257127731,"UP",0.752584451926429
"234","KEGG_DORSO_VENTRAL_AXIS_FORMATION",0.252549807151808,0,"Down",0.535204644739125
"235","KEGG_NOTCH_SIGNALING_PATHWAY",1,1.00227941918195,"UP",1
"236","KEGG_NOTCH_SIGNALING_PATHWAY",0.765695263818405,0.647870663962504,"Down",0.962351277884727
"237","KEGG_HEDGEHOG_SIGNALING_PATHWAY",0.525144275451732,1.47181976185475,"UP",0.858544919066451
"238","KEGG_HEDGEHOG_SIGNALING_PATHWAY",0.360979985309782,0.333443904085167,"Down",0.684855585666423
"239","KEGG_TGF_BETA_SIGNALING_PATHWAY",0.00026754647949743,3.27627366187956,"UP",0.005854546492532
"240","KEGG_TGF_BETA_SIGNALING_PATHWAY",0.174214520598236,0.343237544233467,"Down",0.437035469575189
"241","KEGG_AXON_GUIDANCE",0.193865043725086,1.54482699937105,"UP",0.47135814552766
"242","KEGG_AXON_GUIDANCE",0.355071115357861,0.590732279496687,"Down",0.684855585666423
"243","KEGG_VEGF_SIGNALING_PATHWAY",0.816080767431023,1.02093954050296,"UP",0.992166533251597
"244","KEGG_VEGF_SIGNALING_PATHWAY",0.235147822492372,0.385634101532585,"Down",0.535204644739125
"245","KEGG_FOCAL_ADHESION",4.66046034084073e-16,5.04816753610091,"UP",8.66845623396376e-14
"246","KEGG_FOCAL_ADHESION",2.96306690716853e-05,0.069738624063434,"Down",0.00110226088946669
"247","KEGG_ECM_RECEPTOR_INTERACTION",7.95948683130039e-18,11.3407468756471,"UP",2.96092910124374e-15
"248","KEGG_ECM_RECEPTOR_INTERACTION",0.0609964621800494,0.179930843513021,"Down",0.257848681033845
"249","KEGG_CELL_ADHESION_MOLECULES_CAMS",0.000135465692899008,2.86368573889478,"UP",0.00387640290449469
"250","KEGG_CELL_ADHESION_MOLECULES_CAMS",0.143171611678583,0.467038655051214,"Down",0.406563660644526
"251","KEGG_ADHERENS_JUNCTION",0.245409916210789,1.60841432500677,"UP",0.535204644739125
"252","KEGG_ADHERENS_JUNCTION",0.170701241517824,0.360216063806796,"Down",0.436960361548144
"253","KEGG_TIGHT_JUNCTION",0.0368240007650437,1.91834621220905,"UP",0.173399092210079
"254","KEGG_TIGHT_JUNCTION",0.853462510311977,1.01390465166283,"Down",1
"255","KEGG_GAP_JUNCTION",0.00969400355782187,2.56260414258628,"UP",0.0767270068831859
"256","KEGG_GAP_JUNCTION",0.0634820128403617,0.174187072071189,"Down",0.262392319740162
"257","KEGG_COMPLEMENT_AND_COAGULATION_CASCADES",2.97817733129116e-07,6.16322430523037,"UP",2.76970491810078e-05
"258","KEGG_COMPLEMENT_AND_COAGULATION_CASCADES",0.0502807633101479,0,"Down",0.217493534318314
"259","KEGG_ANTIGEN_PROCESSING_AND_PRESENTATION",1,0.806122948900707,"UP",1
"260","KEGG_ANTIGEN_PROCESSING_AND_PRESENTATION",0.0485904354931778,0,"Down",0.212654611805437
"261","KEGG_TOLL_LIKE_RECEPTOR_SIGNALING_PATHWAY",0.096271901695822,1.91635769357709,"UP",0.337859881423073
"262","KEGG_TOLL_LIKE_RECEPTOR_SIGNALING_PATHWAY",0.0603135820389467,0.182946321019567,"Down",0.257848681033845
"263","KEGG_NOD_LIKE_RECEPTOR_SIGNALING_PATHWAY",1,0.75094997448491,"UP",1
"264","KEGG_NOD_LIKE_RECEPTOR_SIGNALING_PATHWAY",0.180332814365021,0.238929005448096,"Down",0.441340835156499
"265","KEGG_RIG_I_LIKE_RECEPTOR_SIGNALING_PATHWAY",0.108714270383299,0,"UP",0.357714864877013
"266","KEGG_RIG_I_LIKE_RECEPTOR_SIGNALING_PATHWAY",0.108714270383299,0,"Down",0.357714864877013
"267","KEGG_CYTOSOLIC_DNA_SENSING_PATHWAY",0.164302666159446,0,"UP",0.436575655795099
"268","KEGG_CYTOSOLIC_DNA_SENSING_PATHWAY",0.72273184809759,0.423483215180155,"Down",0.9348939404402
"269","KEGG_JAK_STAT_SIGNALING_PATHWAY",0.568767052849154,1.19723694605771,"UP",0.871834356598358
"270","KEGG_JAK_STAT_SIGNALING_PATHWAY",0.033937120172267,0.243503401370873,"Down",0.166076261436564
"271","KEGG_HEMATOPOIETIC_CELL_LINEAGE",0.205942972323371,1.68239698698644,"UP",0.49426313357609
"272","KEGG_HEMATOPOIETIC_CELL_LINEAGE",0.127833498558385,0.211245333981529,"Down",0.371516105185306
"273","KEGG_NATURAL_KILLER_CELL_MEDIATED_CYTOTOXICITY",0.428129027953982,1.30833347457986,"UP",0.757846364022589
"274","KEGG_NATURAL_KILLER_CELL_MEDIATED_CYTOTOXICITY",0.0093800757531554,0.130390608576696,"Down",0.0758562647863872
"275","KEGG_T_CELL_RECEPTOR_SIGNALING_PATHWAY",0.685867041394714,0.714468940231067,"UP",0.934588056405984
"276","KEGG_T_CELL_RECEPTOR_SIGNALING_PATHWAY",0.0664462598692475,0.274191024743803,"Down",0.26578503947699
"277","KEGG_B_CELL_RECEPTOR_SIGNALING_PATHWAY",0.820023131628505,1.12189521548277,"UP",0.992166533251597
"278","KEGG_B_CELL_RECEPTOR_SIGNALING_PATHWAY",0.172452257482947,0.348717389568423,"Down",0.436960361548144
"279","KEGG_FC_EPSILON_RI_SIGNALING_PATHWAY",0.804900363311154,1.10298339212026,"UP",0.991466672687912
"280","KEGG_FC_EPSILON_RI_SIGNALING_PATHWAY",0.322683527253636,0.414888681563865,"Down",0.638501447544429
"281","KEGG_FC_GAMMA_R_MEDIATED_PHAGOCYTOSIS",0.148451045271787,1.62750783236422,"UP",0.408474966126425
"282","KEGG_FC_GAMMA_R_MEDIATED_PHAGOCYTOSIS",0.213140374432716,0.439339434571183,"Down",0.505020505025289
"283","KEGG_LEUKOCYTE_TRANSENDOTHELIAL_MIGRATION",5.19180195429163e-06,3.61622488313362,"UP",0.000241418790874561
"284","KEGG_LEUKOCYTE_TRANSENDOTHELIAL_MIGRATION",0.117003818174292,0.396705004879345,"Down",0.362399580013019
"285","KEGG_INTESTINAL_IMMUNE_NETWORK_FOR_IGA_PRODUCTION",0.0882168419341643,2.30311490862587,"UP",0.321732011759893
"286","KEGG_INTESTINAL_IMMUNE_NETWORK_FOR_IGA_PRODUCTION",1,0.816297677392787,"Down",1
"287","KEGG_LONG_TERM_POTENTIATION",0.260288771783672,0.261778912266112,"UP",0.535204644739125
"288","KEGG_LONG_TERM_POTENTIATION",0.57938060422336,0.536917753399239,"Down",0.871834356598358
"289","KEGG_NEUROTROPHIN_SIGNALING_PATHWAY",0.248970601242556,0.504950246763617,"UP",0.535204644739125
"290","KEGG_NEUROTROPHIN_SIGNALING_PATHWAY",0.0333288272640785,0.246261846574048,"Down",0.166076261436564
"291","KEGG_LONG_TERM_DEPRESSION",0.0206725594712669,2.60666075973223,"UP",0.12971772895146
"292","KEGG_LONG_TERM_DEPRESSION",0.257225708070703,0.268188015063518,"Down",0.535204644739125
"293","KEGG_OLFACTORY_TRANSDUCTION",1,0.787284007468811,"UP",1
"294","KEGG_OLFACTORY_TRANSDUCTION",1,0.787284007468811,"Down",1
"295","KEGG_REGULATION_OF_ACTIN_CYTOSKELETON",1.60103582583241e-05,2.69105698407292,"UP",0.000661761474677396
"296","KEGG_REGULATION_OF_ACTIN_CYTOSKELETON",0.00246191097590408,0.222683531924543,"Down",0.0252007597884717
"297","KEGG_INSULIN_SIGNALING_PATHWAY",0.854363408120358,0.837720986383503,"UP",1
"298","KEGG_INSULIN_SIGNALING_PATHWAY",0.356940196025587,0.584394344325851,"Down",0.684855585666423
"299","KEGG_GNRH_SIGNALING_PATHWAY",1,0.966941969062368,"UP",1
"300","KEGG_GNRH_SIGNALING_PATHWAY",0.485681391627626,0.55930934038162,"Down",0.810194967199448
"301","KEGG_PROGESTERONE_MEDIATED_OOCYTE_MATURATION",0.817794355983101,0.746434838358611,"UP",0.992166533251597
"302","KEGG_PROGESTERONE_MEDIATED_OOCYTE_MATURATION",0.647771102125864,1.16147913115175,"Down",0.905300084458029
"303","KEGG_MELANOGENESIS",0.820023131628505,1.12189521548277,"UP",0.992166533251597
"304","KEGG_MELANOGENESIS",0.172452257482947,0.348717389568423,"Down",0.436960361548144
"305","KEGG_ADIPOCYTOKINE_SIGNALING_PATHWAY",0.254090515764723,0.281992210671787,"UP",0.535204644739125
"306","KEGG_ADIPOCYTOKINE_SIGNALING_PATHWAY",1,0.893601970550541,"Down",1
"307","KEGG_TYPE_II_DIABETES_MELLITUS",0.72273184809759,0.423483215180155,"UP",0.9348939404402
"308","KEGG_TYPE_II_DIABETES_MELLITUS",0.72273184809759,0.423483215180155,"Down",0.9348939404402
"309","KEGG_TYPE_I_DIABETES_MELLITUS",1,0.847772889055167,"UP",1
"310","KEGG_TYPE_I_DIABETES_MELLITUS",0.726240941484022,0.407762169938266,"Down",0.9348939404402
"311","KEGG_MATURITY_ONSET_DIABETES_OF_THE_YOUNG",1,0,"UP",1
"312","KEGG_MATURITY_ONSET_DIABETES_OF_THE_YOUNG",0.00663956062948482,7.37295154402683,"Down",0.0564179471253924
"313","KEGG_ALDOSTERONE_REGULATED_SODIUM_REABSORPTION",0.487885488589888,1.37921250511723,"UP",0.810238400693921
"314","KEGG_ALDOSTERONE_REGULATED_SODIUM_REABSORPTION",0.0211764731108554,3.16249106339887,"Down",0.12971772895146
"315","KEGG_VASOPRESSIN_REGULATED_WATER_REABSORPTION",0.107277246805681,0,"UP",0.357714864877013
"316","KEGG_VASOPRESSIN_REGULATED_WATER_REABSORPTION",0.512821556431664,0.366887246502382,"Down",0.847864973300351
"317","KEGG_ALZHEIMERS_DISEASE",0.27804563124241,0.566164701587563,"UP",0.56213573272922
"318","KEGG_ALZHEIMERS_DISEASE",0.000376368671612862,2.72312438217362,"Down",0.00647412726170885
"319","KEGG_PARKINSONS_DISEASE",0.659506244322919,0.677216024339688,"UP",0.905300084458029
"320","KEGG_PARKINSONS_DISEASE",0.000131260983709081,3.36560297167017,"Down",0.00387640290449469
"321","KEGG_AMYOTROPHIC_LATERAL_SCLEROSIS_ALS",0.11393269757208,0,"UP",0.362247551254818
"322","KEGG_AMYOTROPHIC_LATERAL_SCLEROSIS_ALS",0.209383738425192,1.84154438878075,"Down",0.499299683936996
"323","KEGG_HUNTINGTONS_DISEASE",0.145795910106248,0.447812723067737,"UP",0.407790064357325
"324","KEGG_HUNTINGTONS_DISEASE",0.000376368671612862,2.72312438217362,"Down",0.00647412726170885
"325","KEGG_PRION_DISEASES",0.459334252252421,1.5048499083516,"UP",0.78023900382603
"326","KEGG_PRION_DISEASES",0.263286155879731,0,"Down",0.535204644739125
"327","KEGG_VIBRIO_CHOLERAE_INFECTION",0.0716181158100699,0,"UP",0.271856521238225
"328","KEGG_VIBRIO_CHOLERAE_INFECTION",0.553751023571019,1.29821910922513,"Down",0.869178821807675
"329","KEGG_EPITHELIAL_CELL_SIGNALING_IN_HELICOBACTER_PYLORI_INFECTION",0.433861958578145,0.468106732915973,"UP",0.757846364022589
"330","KEGG_EPITHELIAL_CELL_SIGNALING_IN_HELICOBACTER_PYLORI_INFECTION",0.0323391688426362,0,"Down",0.166076261436564
"331","KEGG_LEISHMANIA_INFECTION",0.000639527762923364,3.5111074101186,"UP",0.00968348683999583
"332","KEGG_LEISHMANIA_INFECTION",0.124247595143707,0.224239728249795,"Down",0.369032923727308
"333","KEGG_PATHWAYS_IN_CANCER",0.00259067129163565,1.79788614861837,"UP",0.0252007597884717
"334","KEGG_PATHWAYS_IN_CANCER",0.0653732507698083,0.591903315210746,"Down",0.264745503157499
"335","KEGG_COLORECTAL_CANCER",0.199911192590486,1.71993773226381,"UP",0.482902361322473
"336","KEGG_COLORECTAL_CANCER",0.125987046541312,0.215406940821994,"Down",0.369032923727308
"337","KEGG_RENAL_CELL_CARCINOMA",0.151531035821093,1.73518956695532,"UP",0.408474966126425
"338","KEGG_RENAL_CELL_CARCINOMA",0.014448129598914,0,"Down",0.0995315594591853
"339","KEGG_PANCREATIC_CANCER",0.151531035821093,1.73518956695532,"UP",0.408474966126425
"340","KEGG_PANCREATIC_CANCER",0.482509160964523,0.589433239602777,"Down",0.80852886431893
"341","KEGG_ENDOMETRIAL_CANCER",0.40178696040732,1.45285837278764,"UP",0.732670339566289
"342","KEGG_ENDOMETRIAL_CANCER",0.0473571060427504,0,"Down",0.212251125878351
"343","KEGG_GLIOMA",0.443365924545307,1.44062587374016,"UP",0.767126157817926
"344","KEGG_GLIOMA",0.125987046541312,0.215406940821994,"Down",0.369032923727308
"345","KEGG_PROSTATE_CANCER",0.136317904549533,1.70308554819095,"UP",0.393102794514932
"346","KEGG_PROSTATE_CANCER",0.09002922952702,0.300674724327627,"Down",0.322027628692802
"347","KEGG_THYROID_CANCER",1,0.918590004447888,"UP",1
"348","KEGG_THYROID_CANCER",0.719979955132276,0.440461895043211,"Down",0.9348939404402
"349","KEGG_BASAL_CELL_CARCINOMA",0.11787728274617,2.2120355151778,"UP",0.362399580013019
"350","KEGG_BASAL_CELL_CARCINOMA",0.362678898860982,0.314333331624192,"Down",0.684855585666423
"351","KEGG_MELANOMA",0.0746365890574189,2.01250683216251,"UP",0.280452637670301
"352","KEGG_MELANOMA",0.125987046541312,0.215406940821994,"Down",0.369032923727308
"353","KEGG_BLADDER_CANCER",0.545548009006894,1.33767199479538,"UP",0.859931607417647
"354","KEGG_BLADDER_CANCER",0.76622523238459,0.629302739547147,"Down",0.962351277884727
"355","KEGG_CHRONIC_MYELOID_LEUKEMIA",0.652535880786922,1.14135152007597,"UP",0.905300084458029
"356","KEGG_CHRONIC_MYELOID_LEUKEMIA",0.818793474437791,0.733925976922825,"Down",0.992166533251597
"357","KEGG_ACUTE_MYELOID_LEUKEMIA",0.430243059268209,1.34619940947941,"UP",0.757846364022589
"358","KEGG_ACUTE_MYELOID_LEUKEMIA",0.0305212137037324,0,"Down",0.161873371791692
"359","KEGG_SMALL_CELL_LUNG_CANCER",0.0065191916704927,2.57958822859153,"UP",0.0564179471253924
"360","KEGG_SMALL_CELL_LUNG_CANCER",0.827001859388862,1.05031373006478,"Down",0.995613888972999
"361","KEGG_NON_SMALL_CELL_LUNG_CANCER",0.791000962075835,1.05021281068117,"UP",0.984121598301708
"362","KEGG_NON_SMALL_CELL_LUNG_CANCER",0.178742772453599,0.244260659061072,"Down",0.441340835156499
"363","KEGG_ASTHMA",0.326879112724966,1.83902152111107,"UP",0.639994894387828
"364","KEGG_ASTHMA",0.623233151213399,0,"Down",0.894357165357502
"365","KEGG_AUTOIMMUNE_THYROID_DISEASE",0.716771039564284,1.05011229629529,"UP",0.9348939404402
"366","KEGG_AUTOIMMUNE_THYROID_DISEASE",0.2543788318925,0,"Down",0.535204644739125
"367","KEGG_ALLOGRAFT_REJECTION",0.704490309190263,1.10267420951884,"UP",0.9348939404402
"368","KEGG_ALLOGRAFT_REJECTION",0.252549807151808,0,"Down",0.535204644739125
"369","KEGG_GRAFT_VERSUS_HOST_DISEASE",1,0.958615234651403,"UP",1
"370","KEGG_GRAFT_VERSUS_HOST_DISEASE",0.263286155879731,0,"Down",0.535204644739125
"371","KEGG_VIRAL_MYOCARDITIS",0.0045773647786692,2.99939803393306,"UP",0.0415312121381693
"372","KEGG_VIRAL_MYOCARDITIS",0.180332814365021,0.238929005448096,"Down",0.441340835156499
